time,V(1)
0.0,0.0
0.00025,10.0
0.0005,0.0
0.00075,-10.0
0.001,0.0
